"function_name","category","version_marker","tier","tier_label","description"
"ACCRINT","Financial functions","","1","regular_pure_or_low_risk","Returns the accrued interest for a security that pays periodic interest"
"ACCRINTM","Financial functions","","1","regular_pure_or_low_risk","Returns the accrued interest for a security that pays interest at maturity"
"ACOS","Math and trigonometry functions","","1","regular_pure_or_low_risk","Returns the arccosine of a number"
"ACOSH","Math and trigonometry functions","","1","regular_pure_or_low_risk","Returns the inverse hyperbolic cosine of a number"
"ACOT","Math and trigonometry functions","","1","regular_pure_or_low_risk","Returns the arccotangent of a number"
"ACOTH","Math and trigonometry functions","","1","regular_pure_or_low_risk","Returns the hyperbolic arccotangent of a number"
"AGGREGATE","Math and trigonometry functions","","1","regular_pure_or_low_risk","Returns an aggregate in a list or database"
"AMORDEGRC","Financial functions","","1","regular_pure_or_low_risk","Returns the depreciation for each accounting period by using a depreciation coefficient"
"AMORLINC","Financial functions","","1","regular_pure_or_low_risk","Returns the depreciation for each accounting period"
"ARABIC","Math and trigonometry functions","","1","regular_pure_or_low_risk","Converts a Roman number to Arabic, as a number"
"ARRAYTOTEXT","Text functions","","2","baseline_context","Returns an array of text values from any specified range"
"ASC","Text functions","","2","baseline_context","Changes full-width (double-byte) English letters or katakana within a character string to half-width (single-byte) characters"
"ASINH","Math and trigonometry functions","","1","regular_pure_or_low_risk","Returns the inverse hyperbolic sine of a number"
"ATAN","Math and trigonometry functions","","1","regular_pure_or_low_risk","Returns the arctangent of a number"
"ATAN2","Math and trigonometry functions","","1","regular_pure_or_low_risk","Returns the arctangent from x- and y-coordinates"
"ATANH","Math and trigonometry functions","","1","regular_pure_or_low_risk","Returns the inverse hyperbolic tangent of a number"
"AVEDEV","Statistical functions","","1","regular_pure_or_low_risk","Returns the average of the absolute deviations of data points from their mean"
"AVERAGEA","Statistical functions","","1","regular_pure_or_low_risk","Returns the average of its arguments, including numbers, text, and logical values"
"AVERAGEIF","Statistical functions","","1","regular_pure_or_low_risk","Returns the average (arithmetic mean) of all the cells in a range that meet a given criteria"
"AVERAGEIFS","Statistical functions","","1","regular_pure_or_low_risk","Returns the average (arithmetic mean) of all cells that meet multiple criteria"
"BAHTTEXT","Text functions","","2","baseline_context","Converts a number to text, using the ß (baht) currency format"
"BASE","Math and trigonometry functions","","1","regular_pure_or_low_risk","Converts a number into a text representation with the given radix (base)"
"BESSELI","Engineering functions","","1","regular_pure_or_low_risk","Returns the modified Bessel function In(x)"
"BESSELJ","Engineering functions","","1","regular_pure_or_low_risk","Returns the Bessel function Jn(x)"
"BESSELK","Engineering functions","","1","regular_pure_or_low_risk","Returns the modified Bessel function Kn(x)"
"BESSELY","Engineering functions","","1","regular_pure_or_low_risk","Returns the Bessel function Yn(x)"
"BETA.DIST","Statistical functions","","1","regular_pure_or_low_risk","Returns the beta cumulative distribution function"
"BETA.INV","Statistical functions","","1","regular_pure_or_low_risk","Returns the inverse of the cumulative distribution function for a specified beta distribution"
"BETADIST","Compatibility","","2","baseline_context","Returns the beta cumulative distribution function"
"BETAINV","Compatibility","","2","baseline_context","Returns the inverse of the cumulative distribution function for a specified beta distribution"
"BIN2DEC","Engineering functions","","1","regular_pure_or_low_risk","Converts a binary number to decimal"
"BIN2HEX","Engineering functions","","1","regular_pure_or_low_risk","Converts a binary number to hexadecimal"
"BIN2OCT","Engineering functions","","1","regular_pure_or_low_risk","Converts a binary number to octal"
"BINOM.DIST","Statistical functions","","1","regular_pure_or_low_risk","Returns the individual term binomial distribution probability"
"BINOM.DIST.RANGE","Statistical functions","","1","regular_pure_or_low_risk","Returns the probability of a trial result using a binomial distribution"
"BINOM.INV","Statistical functions","","1","regular_pure_or_low_risk","Returns the smallest value for which the cumulative binomial distribution is less than or equal to a criterion value"
"BINOMDIST","Compatibility","","2","baseline_context","Returns the individual term binomial distribution probability"
"BITAND","Engineering functions","","1","regular_pure_or_low_risk","Returns a 'Bitwise And' of two numbers"
"BITLSHIFT","Engineering functions","","1","regular_pure_or_low_risk","Returns a value number shifted left by shift_amount bits"
"BITOR","Engineering functions","","1","regular_pure_or_low_risk","Returns a bitwise OR of 2 numbers"
"BITRSHIFT","Engineering functions","","1","regular_pure_or_low_risk","Returns a value number shifted right by shift_amount bits"
"BITXOR","Engineering functions","","1","regular_pure_or_low_risk","Returns a bitwise 'Exclusive Or' of two numbers"
"CALL","User defined functions that are installed with add-ins","","2","baseline_context","Calls a procedure in a dynamic link library or code resource"
"CEILING","Math and trigonometry functions","","1","regular_pure_or_low_risk","Rounds a number to the nearest integer or to the nearest multiple of significance"
"CEILING.MATH","Math and trigonometry functions","","1","regular_pure_or_low_risk","Rounds a number up, to the nearest integer or to the nearest multiple of significance"
"CEILING.PRECISE","Math and trigonometry functions","","1","regular_pure_or_low_risk","Rounds a number the nearest integer or to the nearest multiple of significance. Regardless of the sign of the number, the number is rounded up."
"CHAR","Text functions","","2","baseline_context","Returns the character specified by the code number"
"CHIDIST","Compatibility","","2","baseline_context","Returns the one-tailed probability of the chi-squared distribution"
"CHIINV","Compatibility","","2","baseline_context","Returns the inverse of the one-tailed probability of the chi-squared distribution"
"CHISQ.DIST","Statistical functions","","1","regular_pure_or_low_risk","Returns the cumulative beta probability density function"
"CHISQ.DIST.RT","Statistical functions","","1","regular_pure_or_low_risk","Returns the one-tailed probability of the chi-squared distribution"
"CHISQ.INV","Statistical functions","","1","regular_pure_or_low_risk","Returns the cumulative beta probability density function"
"CHISQ.INV.RT","Statistical functions","","1","regular_pure_or_low_risk","Returns the inverse of the one-tailed probability of the chi-squared distribution"
"CHISQ.TEST","Statistical functions","","1","regular_pure_or_low_risk","Returns the test for independence"
"CHITEST","Compatibility","","2","baseline_context","Returns the test for independence"
"CHOOSE","Lookup and reference functions","","2","baseline_context","Chooses a value from a list of values"
"CODE","Text functions","","2","baseline_context","Returns a numeric code for the first character in a text string"
"COMBIN","Math and trigonometry functions","","1","regular_pure_or_low_risk","Returns the number of combinations for a given number of objects"
"COMBINA","Math and trigonometry functions","","1","regular_pure_or_low_risk","Returns the number of combinations with repetitions for a given number of items"
"COMPLEX","Engineering functions","","1","regular_pure_or_low_risk","Converts real and imaginary coefficients into a complex number"
"CONCAT","Text functions","","2","baseline_context","Combines the text from multiple ranges and/or strings, but it doesn't provide the delimiter or IgnoreEmpty arguments."
"CONCATENATE","Compatibility","","2","baseline_context","Joins two or more text strings into one string"
"CONFIDENCE","Compatibility","","2","baseline_context","Returns the confidence interval for a population mean"
"CONFIDENCE.NORM","Statistical functions","","1","regular_pure_or_low_risk","Returns the confidence interval for a population mean"
"CONFIDENCE.T","Statistical functions","","1","regular_pure_or_low_risk","Returns the confidence interval for a population mean, using a Student's t distribution"
"CONVERT","Engineering functions","","1","regular_pure_or_low_risk","Converts a number from one measurement system to another"
"COPILOT","Our 10 featured functions","","1","regular_pure_or_low_risk",""
"CORREL","Statistical functions","","1","regular_pure_or_low_risk","Returns the correlation coefficient between two data sets"
"COS","Math and trigonometry functions","","1","regular_pure_or_low_risk","Returns the cosine of a number"
"COSH","Math and trigonometry functions","","1","regular_pure_or_low_risk","Returns the hyperbolic cosine of a number"
"COT","Math and trigonometry functions","","1","regular_pure_or_low_risk","Returns the cotangent of an angle"
"COTH","Math and trigonometry functions","","1","regular_pure_or_low_risk","Returns the hyperbolic cotangent of a number"
"COUNTBLANK","Statistical functions","","1","regular_pure_or_low_risk","Counts the number of blank cells within a range"
"COUNTIF","Statistical functions","","1","regular_pure_or_low_risk","Counts the number of cells within a range that meet the given criteria"
"COUNTIFS","Our 10 featured functions","","1","regular_pure_or_low_risk","Use this function to count the number of cells within a range that meet multiple criteria."
"COUPDAYBS","Financial functions","","1","regular_pure_or_low_risk","Returns the number of days from the beginning of the coupon period to the settlement date"
"COUPDAYS","Financial functions","","1","regular_pure_or_low_risk","Returns the number of days in the coupon period that contains the settlement date"
"COUPDAYSNC","Financial functions","","1","regular_pure_or_low_risk","Returns the number of days from the settlement date to the next coupon date"
"COUPNCD","Financial functions","","1","regular_pure_or_low_risk","Returns the next coupon date after the settlement date"
"COUPNUM","Financial functions","","1","regular_pure_or_low_risk","Returns the number of coupons payable between the settlement date and maturity date"
"COUPPCD","Financial functions","","1","regular_pure_or_low_risk","Returns the previous coupon date before the settlement date"
"COVAR","Compatibility","","2","baseline_context","Returns covariance, the average of the products of paired deviations"
"COVARIANCE.P","Statistical functions","","1","regular_pure_or_low_risk","Returns covariance, the average of the products of paired deviations"
"COVARIANCE.S","Statistical functions","","1","regular_pure_or_low_risk","Returns the sample covariance, the average of the products deviations for each data point pair in two data sets"
"CRITBINOM","Compatibility","","2","baseline_context","Returns the smallest value for which the cumulative binomial distribution is less than or equal to a criterion value"
"CSC","Math and trigonometry functions","","1","regular_pure_or_low_risk","Returns the cosecant of an angle"
"CSCH","Math and trigonometry functions","","1","regular_pure_or_low_risk","Returns the hyperbolic cosecant of an angle"
"CUMIPMT","Financial functions","","1","regular_pure_or_low_risk","Returns the cumulative interest paid between two periods"
"CUMPRINC","Financial functions","","1","regular_pure_or_low_risk","Returns the cumulative principal paid on a loan between two periods"
"DATEDIF","Date and time functions","","2","baseline_context","Calculates the number of days, months, or years between two dates. This function is useful in formulas where you need to calculate an age."
"DATEVALUE","Date and time functions","","2","baseline_context","Converts a date in the form of text to a serial number"
"DAVERAGE","Database functions","","2","baseline_context","Returns the average of selected database entries"
"DAY","Date and time functions","","2","baseline_context","Converts a serial number to a day of the month"
"DAYS","Date and time functions","","2","baseline_context","Returns the number of days between two dates"
"DAYS360","Date and time functions","","2","baseline_context","Calculates the number of days between two dates based on a 360-day year"
"DB","Financial functions","","1","regular_pure_or_low_risk","Returns the depreciation of an asset for a specified period by using the fixed-declining balance method"
"DBCS","Text functions","","2","baseline_context","Changes half-width (single-byte) English letters or katakana within a character string to full-width (double-byte) characters"
"DCOUNT","Database functions","","2","baseline_context","Counts the cells that contain numbers in a database"
"DCOUNTA","Database functions","","2","baseline_context","Counts nonblank cells in a database"
"DDB","Financial functions","","1","regular_pure_or_low_risk","Returns the depreciation of an asset for a specified period by using the double-declining balance method or some other method that you specify"
"DEC2BIN","Engineering functions","","1","regular_pure_or_low_risk","Converts a decimal number to binary"
"DEC2HEX","Engineering functions","","1","regular_pure_or_low_risk","Converts a decimal number to hexadecimal"
"DEC2OCT","Engineering functions","","1","regular_pure_or_low_risk","Converts a decimal number to octal"
"DECIMAL","Math and trigonometry functions","","1","regular_pure_or_low_risk","Converts a text representation of a number in a given base into a decimal number"
"DEGREES","Math and trigonometry functions","","1","regular_pure_or_low_risk","Converts radians to degrees"
"DELTA","Engineering functions","","1","regular_pure_or_low_risk","Tests whether two values are equal"
"DETECTLANGUAGE","Text functions","","2","baseline_context","Identifies the language of a specified text"
"DEVSQ","Statistical functions","","1","regular_pure_or_low_risk","Returns the sum of squares of deviations"
"DGET","Database functions","","2","baseline_context","Extracts from a database a single record that matches the specified criteria"
"DISC","Financial functions","","1","regular_pure_or_low_risk","Returns the discount rate for a security"
"DMAX","Database functions","","2","baseline_context","Returns the maximum value from selected database entries"
"DMIN","Database functions","","2","baseline_context","Returns the minimum value from selected database entries"
"DOLLARDE","Financial functions","","1","regular_pure_or_low_risk","Converts a dollar price, expressed as a fraction, into a dollar price, expressed as a decimal number"
"DOLLARFR","Financial functions","","1","regular_pure_or_low_risk","Converts a dollar price, expressed as a decimal number, into a dollar price, expressed as a fraction"
"DPRODUCT","Database functions","","2","baseline_context","Multiplies the values in a particular field of records that match the criteria in a database"
"DSTDEV","Database functions","","2","baseline_context","Estimates the standard deviation based on a sample of selected database entries"
"DSTDEVP","Database functions","","2","baseline_context","Calculates the standard deviation based on the entire population of selected database entries"
"DSUM","Database functions","","2","baseline_context","Adds the numbers in the field column of records in the database that match the criteria"
"DURATION","Financial functions","","1","regular_pure_or_low_risk","Returns the annual duration of a security with periodic interest payments"
"DVAR","Database functions","","2","baseline_context","Estimates variance based on a sample from selected database entries"
"DVARP","Database functions","","2","baseline_context","Calculates variance based on the entire population of selected database entries"
"EDATE","Date and time functions","","2","baseline_context","Returns the serial number of the date that is the indicated number of months before or after the start date"
"EFFECT","Financial functions","","1","regular_pure_or_low_risk","Returns the effective annual interest rate"
"EOMONTH","Date and time functions","","2","baseline_context","Returns the serial number of the last day of the month before or after a specified number of months"
"ERF","Engineering functions","","1","regular_pure_or_low_risk","Returns the error function"
"ERF.PRECISE","Engineering functions","","1","regular_pure_or_low_risk","Returns the error function"
"ERFC","Engineering functions","","1","regular_pure_or_low_risk","Returns the complementary error function"
"ERFC.PRECISE","Engineering functions","","1","regular_pure_or_low_risk","Returns the complementary ERF function integrated between x and infinity"
"ERROR.TYPE","Information functions","","2","baseline_context","Returns a number corresponding to an error type"
"EUROCONVERT","User defined functions that are installed with add-ins","","2","baseline_context","Converts a number to euros, converts a number from euros to a euro member currency, or converts a number from one euro member currency to another by using the euro as an intermediary (triangulation)"
"EVEN","Math and trigonometry functions","","1","regular_pure_or_low_risk","Rounds a number up to the nearest even integer"
"EXP","Math and trigonometry functions","","1","regular_pure_or_low_risk","Returns e raised to the power of a given number"
"EXPON.DIST","Statistical functions","","1","regular_pure_or_low_risk","Returns the exponential distribution"
"EXPONDIST","Compatibility","","2","baseline_context","Returns the exponential distribution"
"F.DIST","Statistical functions","","1","regular_pure_or_low_risk","Returns the F probability distribution"
"F.DIST.RT","Statistical functions","","1","regular_pure_or_low_risk","Returns the F probability distribution"
"F.INV","Statistical functions","","1","regular_pure_or_low_risk","Returns the inverse of the F probability distribution"
"F.INV.RT","Statistical functions","","1","regular_pure_or_low_risk","Returns the inverse of the F probability distribution"
"F.TEST","Statistical functions","","1","regular_pure_or_low_risk","Returns the result of an F-test"
"FACT","Math and trigonometry functions","","1","regular_pure_or_low_risk","Returns the factorial of a number"
"FACTDOUBLE","Math and trigonometry functions","","1","regular_pure_or_low_risk","Returns the double factorial of a number"
"FALSE","Logical functions","","1","regular_pure_or_low_risk","Returns the logical value FALSE"
"FDIST","Compatibility","","2","baseline_context","Returns the F probability distribution"
"FIND, FINDB","Text functions","","2","baseline_context","Finds one text value within another (case-sensitive)"
"FINV","Compatibility","","2","baseline_context","Returns the inverse of the F probability distribution"
"FISHER","Statistical functions","","1","regular_pure_or_low_risk","Returns the Fisher transformation"
"FISHERINV","Statistical functions","","1","regular_pure_or_low_risk","Returns the inverse of the Fisher transformation"
"FLOOR","Compatibility","","2","baseline_context","Rounds a number down, toward zero"
"FLOOR.MATH","Math and trigonometry functions","","1","regular_pure_or_low_risk","Rounds a number down, to the nearest integer or to the nearest multiple of significance"
"FLOOR.PRECISE","Math and trigonometry functions","","1","regular_pure_or_low_risk","Rounds a number down to the nearest integer or to the nearest multiple of significance. Regardless of the sign of the number, the number is rounded down."
"FREQUENCY","Statistical functions","","1","regular_pure_or_low_risk","Returns a frequency distribution as a vertical array"
"FTEST","Compatibility","","2","baseline_context","Returns the result of an F-test"
"FV","Financial functions","","1","regular_pure_or_low_risk","Returns the future value of an investment"
"FVSCHEDULE","Financial functions","","1","regular_pure_or_low_risk","Returns the future value of an initial principal after applying a series of compound interest rates"
"GAMMA","Statistical functions","","1","regular_pure_or_low_risk","Returns the Gamma function value"
"GAMMA.DIST","Statistical functions","","1","regular_pure_or_low_risk","Returns the gamma distribution"
"GAMMA.INV","Statistical functions","","1","regular_pure_or_low_risk","Returns the inverse of the gamma cumulative distribution"
"GAMMADIST","Compatibility","","2","baseline_context","Returns the gamma distribution"
"GAMMAINV","Compatibility","","2","baseline_context","Returns the inverse of the gamma cumulative distribution"
"GAMMALN","Statistical functions","","1","regular_pure_or_low_risk","Returns the natural logarithm of the gamma function, Γ(x)"
"GAMMALN.PRECISE","Statistical functions","","1","regular_pure_or_low_risk","Returns the natural logarithm of the gamma function, Γ(x)"
"GAUSS","Statistical functions","","1","regular_pure_or_low_risk","Returns 0.5 less than the standard normal cumulative distribution"
"GCD","Math and trigonometry functions","","1","regular_pure_or_low_risk","Returns the greatest common divisor"
"GEOMEAN","Statistical functions","","1","regular_pure_or_low_risk","Returns the geometric mean"
"GESTEP","Engineering functions","","1","regular_pure_or_low_risk","Tests whether a number is greater than a threshold value"
"GETPIVOTDATA","Lookup and reference functions","","2","baseline_context","Returns data stored in a PivotTable report"
"GROWTH","Statistical functions","","1","regular_pure_or_low_risk","Returns values along an exponential trend"
"HARMEAN","Statistical functions","","1","regular_pure_or_low_risk","Returns the harmonic mean"
"HEX2BIN","Engineering functions","","1","regular_pure_or_low_risk","Converts a hexadecimal number to binary"
"HEX2DEC","Engineering functions","","1","regular_pure_or_low_risk","Converts a hexadecimal number to decimal"
"HEX2OCT","Engineering functions","","1","regular_pure_or_low_risk","Converts a hexadecimal number to octal"
"HLOOKUP","Lookup and reference functions","","2","baseline_context","Looks in the top row of an array and returns the value of the indicated cell"
"HOUR","Date and time functions","","2","baseline_context","Converts a serial number to an hour"
"HYPERLINK","Lookup and reference functions","","2","baseline_context","Creates a shortcut or jump that opens a document stored on a network server, an intranet, or the Internet"
"HYPGEOM.DIST","Statistical functions","","1","regular_pure_or_low_risk","Returns the hypergeometric distribution"
"HYPGEOMDIST","Compatibility","","2","baseline_context","Returns the hypergeometric distribution"
"IFNA","Logical functions","","1","regular_pure_or_low_risk","Returns the value you specify if the expression resolves to #N/A, otherwise returns the result of the expression"
"IFS","Logical functions","","1","regular_pure_or_low_risk","Checks whether one or more conditions are met and returns a value that corresponds to the first TRUE condition."
"IMABS","Engineering functions","","1","regular_pure_or_low_risk","Returns the absolute value (modulus) of a complex number"
"IMAGE","Lookup and reference functions","","2","baseline_context","Returns an image from a given source"
"IMAGINARY","Engineering functions","","1","regular_pure_or_low_risk","Returns the imaginary coefficient of a complex number"
"IMARGUMENT","Engineering functions","","1","regular_pure_or_low_risk","Returns the argument theta, an angle expressed in radians"
"IMCONJUGATE","Engineering functions","","1","regular_pure_or_low_risk","Returns the complex conjugate of a complex number"
"IMCOS","Engineering functions","","1","regular_pure_or_low_risk","Returns the cosine of a complex number"
"IMCOSH","Engineering functions","","1","regular_pure_or_low_risk","Returns the hyperbolic cosine of a complex number"
"IMCOT","Engineering functions","","1","regular_pure_or_low_risk","Returns the cotangent of a complex number"
"IMCSC","Engineering functions","","1","regular_pure_or_low_risk","Returns the cosecant of a complex number"
"IMCSCH","Engineering functions","","1","regular_pure_or_low_risk","Returns the hyperbolic cosecant of a complex number"
"IMDIV","Engineering functions","","1","regular_pure_or_low_risk","Returns the quotient of two complex numbers"
"IMEXP","Engineering functions","","1","regular_pure_or_low_risk","Returns the exponential of a complex number"
"IMLN","Engineering functions","","1","regular_pure_or_low_risk","Returns the natural logarithm of a complex number"
"IMLOG10","Engineering functions","","1","regular_pure_or_low_risk","Returns the base-10 logarithm of a complex number"
"IMLOG2","Engineering functions","","1","regular_pure_or_low_risk","Returns the base-2 logarithm of a complex number"
"IMPOWER","Engineering functions","","1","regular_pure_or_low_risk","Returns a complex number raised to an integer power"
"IMPRODUCT","Engineering functions","","1","regular_pure_or_low_risk","Returns the product of from 2 to 255 complex numbers"
"IMREAL","Engineering functions","","1","regular_pure_or_low_risk","Returns the real coefficient of a complex number"
"IMSEC","Engineering functions","","1","regular_pure_or_low_risk","Returns the secant of a complex number"
"IMSECH","Engineering functions","","1","regular_pure_or_low_risk","Returns the hyperbolic secant of a complex number"
"IMSIN","Engineering functions","","1","regular_pure_or_low_risk","Returns the sine of a complex number"
"IMSINH","Engineering functions","","1","regular_pure_or_low_risk","Returns the hyperbolic sine of a complex number"
"IMSQRT","Engineering functions","","1","regular_pure_or_low_risk","Returns the square root of a complex number"
"IMSUB","Engineering functions","","1","regular_pure_or_low_risk","Returns the difference between two complex numbers"
"IMSUM","Engineering functions","","1","regular_pure_or_low_risk","Returns the sum of complex numbers"
"IMTAN","Engineering functions","","1","regular_pure_or_low_risk","Returns the tangent of a complex number"
"INT","Math and trigonometry functions","","1","regular_pure_or_low_risk","Rounds a number down to the nearest integer"
"INTERCEPT","Statistical functions","","1","regular_pure_or_low_risk","Returns the intercept of the linear regression line"
"INTRATE","Financial functions","","1","regular_pure_or_low_risk","Returns the interest rate for a fully invested security"
"IPMT","Financial functions","","1","regular_pure_or_low_risk","Returns the interest payment for an investment for a given period"
"IRR","Financial functions","","1","regular_pure_or_low_risk","Returns the internal rate of return for a series of cash flows"
"ISEVEN","Information functions","","2","baseline_context","Returns TRUE if the number is even"
"ISFORMULA","Information functions","","2","baseline_context","Returns TRUE if there is a reference to a cell that contains a formula"
"ISO.CEILING","Math and trigonometry functions","","1","regular_pure_or_low_risk","Returns a number that is rounded up to the nearest integer or to the nearest multiple of significance"
"ISOWEEKNUM","Date and time functions","","2","baseline_context","Returns the number of the ISO week number of the year for a given date"
"ISPMT","Financial functions","","1","regular_pure_or_low_risk","Calculates the interest paid during a specific period of an investment"
"JIS","Compatibility","","1","regular_pure_or_low_risk",""
"KURT","Statistical functions","","1","regular_pure_or_low_risk","Returns the kurtosis of a data set"
"LARGE","Statistical functions","","1","regular_pure_or_low_risk","Returns the k-th largest value in a data set"
"LCM","Math and trigonometry functions","","1","regular_pure_or_low_risk","Returns the least common multiple"
"LEFT, LEFTB","Text functions","","2","baseline_context","Returns the leftmost characters from a text value"
"LEN, LENB","Text functions","","2","baseline_context","Returns the number of characters in a text string"
"LINEST","Statistical functions","","1","regular_pure_or_low_risk","Returns the parameters of a linear trend"
"LN","Math and trigonometry functions","","1","regular_pure_or_low_risk","Returns the natural logarithm of a number"
"LOG","Math and trigonometry functions","","1","regular_pure_or_low_risk","Returns the logarithm of a number to a specified base"
"LOG10","Math and trigonometry functions","","1","regular_pure_or_low_risk","Returns the base-10 logarithm of a number"
"LOGEST","Statistical functions","","1","regular_pure_or_low_risk","Returns the parameters of an exponential trend"
"LOGINV","Compatibility","","2","baseline_context","Returns the inverse of the lognormal cumulative distribution function"
"LOGNORM.DIST","Statistical functions","","1","regular_pure_or_low_risk","Returns the cumulative lognormal distribution"
"LOGNORM.INV","Statistical functions","","1","regular_pure_or_low_risk","Returns the inverse of the lognormal cumulative distribution"
"LOGNORMDIST","Compatibility","","2","baseline_context","Returns the cumulative lognormal distribution"
"LOOKUP","Lookup and reference functions","","2","baseline_context","Looks up values in a vector or array"
"LOWER","Text functions","","2","baseline_context","Converts text to lowercase"
"MAX","Statistical functions","","1","regular_pure_or_low_risk","Returns the maximum value in a list of arguments"
"MAXA","Statistical functions","","1","regular_pure_or_low_risk","Returns the maximum value in a list of arguments, including numbers, text, and logical values"
"MAXIFS","Statistical functions","","1","regular_pure_or_low_risk","Returns the maximum value among cells specified by a given set of conditions or criteria"
"MDETERM","Math and trigonometry functions","","1","regular_pure_or_low_risk","Returns the matrix determinant of an array"
"MDURATION","Financial functions","","1","regular_pure_or_low_risk","Returns the Macauley modified duration for a security with an assumed par value of $100"
"MEDIAN","Statistical functions","","1","regular_pure_or_low_risk","Returns the median of the given numbers"
"MID, MIDB","Text functions","","2","baseline_context","Returns a specific number of characters from a text string starting at the position you specify"
"MIN","Statistical functions","","1","regular_pure_or_low_risk","Returns the minimum value in a list of arguments"
"MINA","Statistical functions","","1","regular_pure_or_low_risk","Returns the smallest value in a list of arguments, including numbers, text, and logical values"
"MINIFS","Statistical functions","","1","regular_pure_or_low_risk","Returns the minimum value among cells specified by a given set of conditions or criteria."
"MINUTE","Date and time functions","","2","baseline_context","Converts a serial number to a minute"
"MINVERSE","Math and trigonometry functions","","1","regular_pure_or_low_risk","Returns the matrix inverse of an array"
"MIRR","Financial functions","","1","regular_pure_or_low_risk","Returns the internal rate of return where positive and negative cash flows are financed at different rates"
"MMULT","Math and trigonometry functions","","1","regular_pure_or_low_risk","Returns the matrix product of two arrays"
"MOD","Math and trigonometry functions","","1","regular_pure_or_low_risk","Returns the remainder from division"
"MODE","Compatibility","","2","baseline_context","Returns the most common value in a data set"
"MODE.MULT","Statistical functions","","1","regular_pure_or_low_risk","Returns a vertical array of the most frequently occurring, or repetitive values in an array or range of data"
"MODE.SNGL","Statistical functions","","1","regular_pure_or_low_risk","Returns the most common value in a data set"
"MONTH","Date and time functions","","2","baseline_context","Converts a serial number to a month"
"MROUND","Math and trigonometry functions","","1","regular_pure_or_low_risk","Returns a number rounded to the desired multiple"
"MULTINOMIAL","Math and trigonometry functions","","1","regular_pure_or_low_risk","Returns the multinomial of a set of numbers"
"MUNIT","Math and trigonometry functions","","1","regular_pure_or_low_risk","Returns the unit matrix or the specified dimension"
"NA","Information functions","","2","baseline_context","Returns the error value #N/A"
"NEGBINOM.DIST","Statistical functions","","1","regular_pure_or_low_risk","Returns the negative binomial distribution"
"NEGBINOMDIST","Compatibility","","2","baseline_context","Returns the negative binomial distribution"
"NETWORKDAYS","Date and time functions","","2","baseline_context","Returns the number of whole workdays between two dates"
"NETWORKDAYS.INTL","Date and time functions","","2","baseline_context","Returns the number of whole workdays between two dates using parameters to indicate which and how many days are weekend days"
"NOMINAL","Financial functions","","1","regular_pure_or_low_risk","Returns the annual nominal interest rate"
"NORM.DIST","Statistical functions","","1","regular_pure_or_low_risk","Returns the normal cumulative distribution"
"NORM.INV","Statistical functions","","1","regular_pure_or_low_risk","Returns the inverse of the normal cumulative distribution"
"NORM.S.DIST","Statistical functions","","1","regular_pure_or_low_risk","Returns the standard normal cumulative distribution"
"NORM.S.INV","Statistical functions","","1","regular_pure_or_low_risk","Returns the inverse of the standard normal cumulative distribution"
"NORMDIST","Compatibility","","2","baseline_context","Returns the normal cumulative distribution"
"NORMINV","Compatibility","","2","baseline_context","Returns the inverse of the normal cumulative distribution"
"NORMSDIST","Compatibility","","2","baseline_context","Returns the standard normal cumulative distribution"
"NORMSINV","Compatibility","","2","baseline_context","Returns the inverse of the standard normal cumulative distribution"
"NOT","Logical functions","","1","regular_pure_or_low_risk","Reverses the logic of its argument"
"NPER","Financial functions","","1","regular_pure_or_low_risk","Returns the number of periods for an investment"
"NPV","Financial functions","","1","regular_pure_or_low_risk","Returns the net present value of an investment based on a series of periodic cash flows and a discount rate"
"NUMBERVALUE","Text functions","","2","baseline_context","Converts text to number in a locale-independent manner"
"OCT2BIN","Engineering functions","","1","regular_pure_or_low_risk","Converts an octal number to binary"
"OCT2DEC","Engineering functions","","1","regular_pure_or_low_risk","Converts an octal number to decimal"
"OCT2HEX","Engineering functions","","1","regular_pure_or_low_risk","Converts an octal number to hexadecimal"
"ODD","Math and trigonometry functions","","1","regular_pure_or_low_risk","Rounds a number up to the nearest odd integer"
"ODDFPRICE","Financial functions","","1","regular_pure_or_low_risk","Returns the price per $100 face value of a security with an odd first period"
"ODDFYIELD","Financial functions","","1","regular_pure_or_low_risk","Returns the yield of a security with an odd first period"
"ODDLPRICE","Financial functions","","1","regular_pure_or_low_risk","Returns the price per $100 face value of a security with an odd last period"
"ODDLYIELD","Financial functions","","1","regular_pure_or_low_risk","Returns the yield of a security with an odd last period"
"OR","Logical functions","","1","regular_pure_or_low_risk","Returns TRUE if any argument is TRUE"
"PDURATION","Financial functions","","1","regular_pure_or_low_risk","Returns the number of periods required by an investment to reach a specified value"
"PEARSON","Statistical functions","","1","regular_pure_or_low_risk","Returns the Pearson product moment correlation coefficient"
"PERCENTILE","Compatibility","","2","baseline_context","Returns the k-th percentile of values in a range"
"PERCENTILE.EXC","Statistical functions","","1","regular_pure_or_low_risk","Returns the k-th percentile of values in a range, where k is in the range 0..1, exclusive"
"PERCENTILE.INC","Statistical functions","","1","regular_pure_or_low_risk","Returns the k-th percentile of values in a range"
"PERCENTOF","Math and trigonometry functions","","1","regular_pure_or_low_risk","Sums the values in the subset and divides it by all the values"
"PERCENTRANK","Compatibility","","2","baseline_context","Returns the percentage rank of a value in a data set"
"PERCENTRANK.EXC","Statistical functions","","1","regular_pure_or_low_risk","Returns the rank of a value in a data set as a percentage (0..1, exclusive) of the data set"
"PERCENTRANK.INC","Statistical functions","","1","regular_pure_or_low_risk","Returns the percentage rank of a value in a data set"
"PERMUT","Statistical functions","","1","regular_pure_or_low_risk","Returns the number of permutations for a given number of objects"
"PERMUTATIONA","Statistical functions","","1","regular_pure_or_low_risk","Returns the number of permutations for a given number of objects (with repetitions) that can be selected from the total objects"
"PHI","Statistical functions","","1","regular_pure_or_low_risk","Returns the value of the density function for a standard normal distribution"
"PHONETIC","Text functions","","2","baseline_context","Extracts the phonetic (furigana) characters from a text string"
"PMT","Financial functions","","1","regular_pure_or_low_risk","Returns the periodic payment for an annuity"
"POISSON","Compatibility","","2","baseline_context","Returns the Poisson distribution"
"POISSON.DIST","Statistical functions","","1","regular_pure_or_low_risk","Returns the Poisson distribution"
"POWER","Math and trigonometry functions","","1","regular_pure_or_low_risk","Returns the result of a number raised to a power"
"PPMT","Financial functions","","1","regular_pure_or_low_risk","Returns the payment on the principal for an investment for a given period"
"PRICE","Financial functions","","1","regular_pure_or_low_risk","Returns the price per $100 face value of a security that pays periodic interest"
"PRICEDISC","Financial functions","","1","regular_pure_or_low_risk","Returns the price per $100 face value of a discounted security"
"PRICEMAT","Financial functions","","1","regular_pure_or_low_risk","Returns the price per $100 face value of a security that pays interest at maturity"
"PROB","Statistical functions","","1","regular_pure_or_low_risk","Returns the probability that values in a range are between two limits"
"PRODUCT","Math and trigonometry functions","","1","regular_pure_or_low_risk","Multiplies its arguments"
"PROPER","Text functions","","2","baseline_context","Capitalizes the first letter in each word of a text value"
"PV","Financial functions","","1","regular_pure_or_low_risk","Returns the present value of an investment"
"QUARTILE","Compatibility","","2","baseline_context","Returns the quartile of a data set"
"QUARTILE.EXC","Statistical functions","","1","regular_pure_or_low_risk","Returns the quartile of the data set, based on percentile values from 0..1, exclusive"
"QUARTILE.INC","Statistical functions","","1","regular_pure_or_low_risk","Returns the quartile of a data set"
"QUOTIENT","Math and trigonometry functions","","1","regular_pure_or_low_risk","Returns the integer portion of a division"
"RADIANS","Math and trigonometry functions","","1","regular_pure_or_low_risk","Converts degrees to radians"
"RANDARRA","Math and trigonometry functions","","1","regular_pure_or_low_risk","Returns an array of random numbers between 0 and 1. However, you can specify the number of rows and columns to fill, minimum and maximum values, and whether to return whole numbers or decimal values."
"RANK","Compatibility","","2","baseline_context","Returns the rank of a number in a list of numbers"
"RANK.AVG","Statistical functions","","1","regular_pure_or_low_risk","Returns the rank of a number in a list of numbers"
"RANK.EQ","Statistical functions","","1","regular_pure_or_low_risk","Returns the rank of a number in a list of numbers"
"RATE","Financial functions","","1","regular_pure_or_low_risk","Returns the interest rate per period of an annuity"
"RECEIVED","Financial functions","","1","regular_pure_or_low_risk","Returns the amount received at maturity for a fully invested security"
"REGEXEXTRACT","Text functions","","2","baseline_context","Extracts strings within the provided text that matches the pattern"
"REGEXREPLACE","Text functions","","2","baseline_context","Replaces strings within the provided text that matches the pattern with replacement"
"REGEXTEST","Text functions","","2","baseline_context","Determines whether any part of text matches the pattern"
"REGISTER.ID","User defined functions that are installed with add-ins","","2","baseline_context","Returns the register ID of the specified dynamic link library (DLL) or code resource that has been previously registered"
"REPLACE, REPLACEB","Text functions","","2","baseline_context","Replaces characters within text"
"REPT","Text functions","","2","baseline_context","Repeats text a given number of times"
"RIGHT, RIGHTB","Text functions","","2","baseline_context","Returns the rightmost characters from a text value"
"ROMAN","Math and trigonometry functions","","1","regular_pure_or_low_risk","Converts an Arabic numeral to Roman, as text"
"ROUNDDOWN","Math and trigonometry functions","","1","regular_pure_or_low_risk","Rounds a number down, toward zero"
"ROUNDUP","Math and trigonometry functions","","1","regular_pure_or_low_risk","Rounds a number up, away from zero"
"RRI","Financial functions","","1","regular_pure_or_low_risk","Returns an equivalent interest rate for the growth of an investment"
"RSQ","Statistical functions","","1","regular_pure_or_low_risk","Returns the square of the Pearson product moment correlation coefficient"
"SEARCH, SEARCHB","Text functions","","2","baseline_context","Finds one text value within another (not case-sensitive)"
"SEC","Math and trigonometry functions","","1","regular_pure_or_low_risk","Returns the secant of an angle"
"SECH","Math and trigonometry functions","","1","regular_pure_or_low_risk","Returns the hyperbolic secant of an angle"
"SECOND","Date and time functions","","2","baseline_context","Converts a serial number to a second"
"SERIESSUM","Math and trigonometry functions","","1","regular_pure_or_low_risk","Returns the sum of a power series based on the formula"
"SIGN","Math and trigonometry functions","","1","regular_pure_or_low_risk","Returns the sign of a number"
"SINH","Math and trigonometry functions","","1","regular_pure_or_low_risk","Returns the hyperbolic sine of a number"
"SKEW","Statistical functions","","1","regular_pure_or_low_risk","Returns the skewness of a distribution"
"SKEW.P","Statistical functions","","1","regular_pure_or_low_risk","Returns the skewness of a distribution based on a population: a characterization of the degree of asymmetry of a distribution around its mean"
"SLN","Financial functions","","1","regular_pure_or_low_risk","Returns the straight-line depreciation of an asset for one period"
"SLOPE","Statistical functions","","1","regular_pure_or_low_risk","Returns the slope of the linear regression line"
"SMALL","Statistical functions","","1","regular_pure_or_low_risk","Returns the k-th smallest value in a data set"
"SQRT","Math and trigonometry functions","","1","regular_pure_or_low_risk","Returns a positive square root"
"SQRTPI","Math and trigonometry functions","","1","regular_pure_or_low_risk","Returns the square root of (number * pi)"
"STANDARDIZE","Statistical functions","","1","regular_pure_or_low_risk","Returns a normalized value"
"STDEV","Compatibility","","2","baseline_context","Estimates standard deviation based on a sample"
"STDEV.P","Statistical functions","","1","regular_pure_or_low_risk","Calculates standard deviation based on the entire population"
"STDEV.S","Statistical functions","","1","regular_pure_or_low_risk","Estimates standard deviation based on a sample"
"STDEVA","Statistical functions","","1","regular_pure_or_low_risk","Estimates standard deviation based on a sample, including numbers, text, and logical values"
"STDEVP","Compatibility","","2","baseline_context","Calculates standard deviation based on the entire population"
"STDEVPA","Statistical functions","","1","regular_pure_or_low_risk","Calculates standard deviation based on the entire population, including numbers, text, and logical values"
"STEYX","Statistical functions","","1","regular_pure_or_low_risk","Returns the standard error of the predicted y-value for each x in the regression"
"SUBSTITUTE","Text functions","","2","baseline_context","Substitutes new text for old text in a text string"
"SUBTOTAL","Math and trigonometry functions","","1","regular_pure_or_low_risk","Returns a subtotal in a list or database"
"SUMIFS","Our 10 featured functions","","1","regular_pure_or_low_risk","Use this function when you need to add the cells in a range that meet multiple criteria."
"SUMPRODUCT","Math and trigonometry functions","","1","regular_pure_or_low_risk","Returns the sum of the products of corresponding array components"
"SUMSQ","Math and trigonometry functions","","1","regular_pure_or_low_risk","Returns the sum of the squares of the arguments"
"SUMX2MY2","Math and trigonometry functions","","1","regular_pure_or_low_risk","Returns the sum of the difference of squares of corresponding values in two arrays"
"SUMX2PY2","Math and trigonometry functions","","1","regular_pure_or_low_risk","Returns the sum of the sum of squares of corresponding values in two arrays"
"SUMXMY2","Math and trigonometry functions","","1","regular_pure_or_low_risk","Returns the sum of squares of differences of corresponding values in two arrays"
"SWITCH","Logical functions","","1","regular_pure_or_low_risk","Evaluates an expression against a list of values and returns the result corresponding to the first matching value. If there is no match, an optional default value may be returned."
"SYD","Financial functions","","1","regular_pure_or_low_risk","Returns the sum-of-years' digits depreciation of an asset for a specified period"
"T.DIST","Statistical functions","","1","regular_pure_or_low_risk","Returns the Percentage Points (probability) for the Student t-distribution"
"T.DIST.2T","Statistical functions","","1","regular_pure_or_low_risk","Returns the Percentage Points (probability) for the Student t-distribution"
"T.DIST.RT","Statistical functions","","1","regular_pure_or_low_risk","Returns the Student's t-distribution"
"T.INV","Statistical functions","","1","regular_pure_or_low_risk","Returns the t-value of the Student's t-distribution as a function of the probability and the degrees of freedom"
"T.INV.2T","Statistical functions","","1","regular_pure_or_low_risk","Returns the inverse of the Student's t-distribution"
"T.TEST","Statistical functions","","1","regular_pure_or_low_risk","Returns the probability associated with a Student's t-test"
"TAN","Math and trigonometry functions","","1","regular_pure_or_low_risk","Returns the tangent of a number"
"TANH","Math and trigonometry functions","","1","regular_pure_or_low_risk","Returns the hyperbolic tangent of a number"
"TBILLEQ","Financial functions","","1","regular_pure_or_low_risk","Returns the bond-equivalent yield for a Treasury bill"
"TBILLPRICE","Financial functions","","1","regular_pure_or_low_risk","Returns the price per $100 face value for a Treasury bill"
"TBILLYIELD","Financial functions","","1","regular_pure_or_low_risk","Returns the yield for a Treasury bill"
"TDIST","Compatibility","","2","baseline_context","Returns the Student's t-distribution"
"TEXTAFTER","Text functions","","2","baseline_context","Returns text that occurs after given character or string"
"TEXTBEFORE","Our 10 featured functions","","1","regular_pure_or_low_risk","Use this function to return text that occurs before a given character or string. You can use TEXTAFTER to return text that occurs after a given character or string."
"TEXTSPLIT","Text functions","","2","baseline_context","Splits text strings by using column and row delimiters"
"TIME","Date and time functions","","2","baseline_context","Returns the serial number of a particular time"
"TIMEVALUE","Date and time functions","","2","baseline_context","Converts a time in the form of text to a serial number"
"TINV","Compatibility","","2","baseline_context","Returns the inverse of the Student's t-distribution"
"TRANSLATE","Text functions","","2","baseline_context","Translates a text from one language to another"
"TREND","Statistical functions","","1","regular_pure_or_low_risk","Returns values along a linear trend"
"TRIM","Text functions","","2","baseline_context","Removes spaces from text"
"TRIMMEAN","Statistical functions","","1","regular_pure_or_low_risk","Returns the mean of the interior of a data set"
"TRUE","Logical functions","","1","regular_pure_or_low_risk","Returns the logical value TRUE"
"TRUNC","Math and trigonometry functions","","1","regular_pure_or_low_risk","Truncates a number to an integer"
"TTEST","Compatibility","","2","baseline_context","Returns the probability associated with a Student's t-test"
"UNICHAR","Text functions","","2","baseline_context","Returns the Unicode character that is references by the given numeric value"
"UNICODE","Text functions","","2","baseline_context","Returns the number (code point) that corresponds to the first character of the text"
"UPPER","Text functions","","2","baseline_context","Converts text to uppercase"
"VAR","Compatibility","","2","baseline_context","Estimates variance based on a sample"
"VAR.P","Statistical functions","","1","regular_pure_or_low_risk","Calculates variance based on the entire population"
"VAR.S","Statistical functions","","1","regular_pure_or_low_risk","Estimates variance based on a sample"
"VARA","Statistical functions","","1","regular_pure_or_low_risk","Estimates variance based on a sample, including numbers, text, and logical values"
"VARP","Compatibility","","2","baseline_context","Calculates variance based on the entire population"
"VARPA","Statistical functions","","1","regular_pure_or_low_risk","Calculates variance based on the entire population, including numbers, text, and logical values"
"VDB","Financial functions","","1","regular_pure_or_low_risk","Returns the depreciation of an asset for a specified or partial period by using a declining balance method"
"VLOOKUP","Lookup and reference functions","","2","baseline_context","Looks in the first column of an array and moves across the row to return the value of a cell"
"WEEKDAY","Date and time functions","","2","baseline_context","Converts a serial number to a day of the week"
"WEEKNUM","Date and time functions","","2","baseline_context","Converts a serial number to a number representing where the week falls numerically with a year"
"WEIBULL","Compatibility","","2","baseline_context","Returns the Weibull distribution"
"WEIBULL.DIST","Statistical functions","","1","regular_pure_or_low_risk","Returns the Weibull distribution"
"WORKDAY","Date and time functions","","2","baseline_context","Returns the serial number of the date before or after a specified number of workdays"
"WORKDAY.INTL","Date and time functions","","2","baseline_context","Returns the serial number of the date before or after a specified number of workdays using parameters to indicate which and how many days are weekend days"
"XIRR","Financial functions","","1","regular_pure_or_low_risk","Returns the internal rate of return for a schedule of cash flows that is not necessarily periodic"
"XNPV","Financial functions","","1","regular_pure_or_low_risk","Returns the net present value for a schedule of cash flows that is not necessarily periodic"
"XOR","Logical functions","","1","regular_pure_or_low_risk","Returns a logical exclusive OR of all arguments"
"YEAR","Date and time functions","","2","baseline_context","Converts a serial number to a year"
"YEARFRAC","Date and time functions","","2","baseline_context","Returns the year fraction representing the number of whole days between start_date and end_date"
"YIELD","Financial functions","","1","regular_pure_or_low_risk","Returns the yield on a security that pays periodic interest"
"YIELDDISC","Financial functions","","1","regular_pure_or_low_risk","Returns the annual yield for a discounted security; for example, a Treasury bill"
"YIELDMAT","Financial functions","","1","regular_pure_or_low_risk","Returns the annual yield of a security that pays interest at maturity"
"Z.TEST","Statistical functions","","1","regular_pure_or_low_risk","Returns the one-tailed probability-value of a z-test"
"ZTEST","Compatibility","","2","baseline_context","Returns the one-tailed probability-value of a z-test"
